{
    "version": "1.4.0",
    "project": {
        "name": "root",
        "directory": "D:\\Learn_Scala\\lesson5_car_program",
        "workspaceDir": "D:\\Learn_Scala\\lesson5_car_program",
        "sources": [
            "D:\\Learn_Scala\\lesson5_car_program\\src\\main\\scala",
            "D:\\Learn_Scala\\lesson5_car_program\\src\\main\\scala-3",
            "D:\\Learn_Scala\\lesson5_car_program\\src\\main\\java",
            "D:\\Learn_Scala\\lesson5_car_program\\target\\scala-3.4.2\\src_managed\\main"
        ],
        "dependencies": [
            
        ],
        "classpath": [
            "C:\\Users\\Thinh\\AppData\\Local\\Coursier\\Cache\\v1\\https\\repo1.maven.org\\maven2\\org\\scala-lang\\scala3-library_3\\3.4.2\\scala3-library_3-3.4.2.jar",
            "C:\\Users\\Thinh\\AppData\\Local\\Coursier\\Cache\\v1\\https\\repo1.maven.org\\maven2\\org\\scala-lang\\scala-library\\2.13.12\\scala-library-2.13.12.jar"
        ],
        "out": "D:\\Learn_Scala\\lesson5_car_program\\.bloop\\root",
        "classesDir": "D:\\Learn_Scala\\lesson5_car_program\\.bloop\\root\\scala-3\\classes",
        "resources": [
            "D:\\Learn_Scala\\lesson5_car_program\\src\\main\\resources",
            "D:\\Learn_Scala\\lesson5_car_program\\target\\scala-3.4.2\\resource_managed\\main"
        ],
        "scala": {
            "organization": "org.scala-lang",
            "name": "scala-compiler",
            "version": "3.4.2",
            "options": [
                
            ],
            "jars": [
                "C:\\Users\\Thinh\\AppData\\Local\\Coursier\\Cache\\v1\\https\\repo1.maven.org\\maven2\\org\\scala-lang\\scala3-library_3\\3.4.2\\scala3-library_3-3.4.2.jar",
                "C:\\Users\\Thinh\\AppData\\Local\\Coursier\\Cache\\v1\\https\\repo1.maven.org\\maven2\\org\\scala-lang\\scala-library\\2.13.12\\scala-library-2.13.12.jar",
                "C:\\Users\\Thinh\\AppData\\Local\\Coursier\\Cache\\v1\\https\\repo1.maven.org\\maven2\\org\\scala-lang\\scala3-compiler_3\\3.4.2\\scala3-compiler_3-3.4.2.jar",
                "C:\\Users\\Thinh\\AppData\\Local\\Coursier\\Cache\\v1\\https\\repo1.maven.org\\maven2\\org\\scala-lang\\scala3-interfaces\\3.4.2\\scala3-interfaces-3.4.2.jar",
                "C:\\Users\\Thinh\\AppData\\Local\\Coursier\\Cache\\v1\\https\\repo1.maven.org\\maven2\\org\\scala-lang\\tasty-core_3\\3.4.2\\tasty-core_3-3.4.2.jar",
                "C:\\Users\\Thinh\\AppData\\Local\\Coursier\\Cache\\v1\\https\\repo1.maven.org\\maven2\\org\\scala-lang\\modules\\scala-asm\\9.6.0-scala-1\\scala-asm-9.6.0-scala-1.jar",
                "C:\\Users\\Thinh\\AppData\\Local\\Coursier\\Cache\\v1\\https\\repo1.maven.org\\maven2\\org\\scala-sbt\\compiler-interface\\1.9.6\\compiler-interface-1.9.6.jar",
                "C:\\Users\\Thinh\\AppData\\Local\\Coursier\\Cache\\v1\\https\\repo1.maven.org\\maven2\\org\\jline\\jline-reader\\3.25.1\\jline-reader-3.25.1.jar",
                "C:\\Users\\Thinh\\AppData\\Local\\Coursier\\Cache\\v1\\https\\repo1.maven.org\\maven2\\org\\jline\\jline-terminal\\3.25.1\\jline-terminal-3.25.1.jar",
                "C:\\Users\\Thinh\\AppData\\Local\\Coursier\\Cache\\v1\\https\\repo1.maven.org\\maven2\\org\\jline\\jline-terminal-jna\\3.25.1\\jline-terminal-jna-3.25.1.jar",
                "C:\\Users\\Thinh\\AppData\\Local\\Coursier\\Cache\\v1\\https\\repo1.maven.org\\maven2\\org\\scala-sbt\\util-interface\\1.9.8\\util-interface-1.9.8.jar",
                "C:\\Users\\Thinh\\AppData\\Local\\Coursier\\Cache\\v1\\https\\repo1.maven.org\\maven2\\org\\jline\\jline-native\\3.25.1\\jline-native-3.25.1.jar",
                "C:\\Users\\Thinh\\AppData\\Local\\Coursier\\Cache\\v1\\https\\repo1.maven.org\\maven2\\net\\java\\dev\\jna\\jna\\5.14.0\\jna-5.14.0.jar",
                "C:\\Users\\Thinh\\AppData\\Local\\Coursier\\Cache\\v1\\https\\repo1.maven.org\\maven2\\org\\scala-lang\\scaladoc_3\\3.4.2\\scaladoc_3-3.4.2.jar",
                "C:\\Users\\Thinh\\AppData\\Local\\Coursier\\Cache\\v1\\https\\repo1.maven.org\\maven2\\org\\scala-lang\\scala3-tasty-inspector_3\\3.4.2\\scala3-tasty-inspector_3-3.4.2.jar",
                "C:\\Users\\Thinh\\AppData\\Local\\Coursier\\Cache\\v1\\https\\repo1.maven.org\\maven2\\com\\vladsch\\flexmark\\flexmark\\0.62.2\\flexmark-0.62.2.jar",
                "C:\\Users\\Thinh\\AppData\\Local\\Coursier\\Cache\\v1\\https\\repo1.maven.org\\maven2\\com\\vladsch\\flexmark\\flexmark-util-ast\\0.62.2\\flexmark-util-ast-0.62.2.jar",
                "C:\\Users\\Thinh\\AppData\\Local\\Coursier\\Cache\\v1\\https\\repo1.maven.org\\maven2\\com\\vladsch\\flexmark\\flexmark-util-data\\0.62.2\\flexmark-util-data-0.62.2.jar",
                "C:\\Users\\Thinh\\AppData\\Local\\Coursier\\Cache\\v1\\https\\repo1.maven.org\\maven2\\com\\vladsch\\flexmark\\flexmark-util-html\\0.62.2\\flexmark-util-html-0.62.2.jar",
                "C:\\Users\\Thinh\\AppData\\Local\\Coursier\\Cache\\v1\\https\\repo1.maven.org\\maven2\\com\\vladsch\\flexmark\\flexmark-ext-anchorlink\\0.62.2\\flexmark-ext-anchorlink-0.62.2.jar",
                "C:\\Users\\Thinh\\AppData\\Local\\Coursier\\Cache\\v1\\https\\repo1.maven.org\\maven2\\com\\vladsch\\flexmark\\flexmark-ext-autolink\\0.62.2\\flexmark-ext-autolink-0.62.2.jar",
                "C:\\Users\\Thinh\\AppData\\Local\\Coursier\\Cache\\v1\\https\\repo1.maven.org\\maven2\\com\\vladsch\\flexmark\\flexmark-ext-emoji\\0.62.2\\flexmark-ext-emoji-0.62.2.jar",
                "C:\\Users\\Thinh\\AppData\\Local\\Coursier\\Cache\\v1\\https\\repo1.maven.org\\maven2\\com\\vladsch\\flexmark\\flexmark-ext-gfm-strikethrough\\0.62.2\\flexmark-ext-gfm-strikethrough-0.62.2.jar",
                "C:\\Users\\Thinh\\AppData\\Local\\Coursier\\Cache\\v1\\https\\repo1.maven.org\\maven2\\com\\vladsch\\flexmark\\flexmark-ext-gfm-tasklist\\0.62.2\\flexmark-ext-gfm-tasklist-0.62.2.jar",
                "C:\\Users\\Thinh\\AppData\\Local\\Coursier\\Cache\\v1\\https\\repo1.maven.org\\maven2\\com\\vladsch\\flexmark\\flexmark-ext-wikilink\\0.62.2\\flexmark-ext-wikilink-0.62.2.jar",
                "C:\\Users\\Thinh\\AppData\\Local\\Coursier\\Cache\\v1\\https\\repo1.maven.org\\maven2\\com\\vladsch\\flexmark\\flexmark-ext-tables\\0.62.2\\flexmark-ext-tables-0.62.2.jar",
                "C:\\Users\\Thinh\\AppData\\Local\\Coursier\\Cache\\v1\\https\\repo1.maven.org\\maven2\\com\\vladsch\\flexmark\\flexmark-ext-yaml-front-matter\\0.62.2\\flexmark-ext-yaml-front-matter-0.62.2.jar",
                "C:\\Users\\Thinh\\AppData\\Local\\Coursier\\Cache\\v1\\https\\repo1.maven.org\\maven2\\nl\\big-o\\liqp\\0.8.2\\liqp-0.8.2.jar",
                "C:\\Users\\Thinh\\AppData\\Local\\Coursier\\Cache\\v1\\https\\repo1.maven.org\\maven2\\org\\jsoup\\jsoup\\1.17.2\\jsoup-1.17.2.jar",
                "C:\\Users\\Thinh\\AppData\\Local\\Coursier\\Cache\\v1\\https\\repo1.maven.org\\maven2\\com\\fasterxml\\jackson\\dataformat\\jackson-dataformat-yaml\\2.15.1\\jackson-dataformat-yaml-2.15.1.jar",
                "C:\\Users\\Thinh\\AppData\\Local\\Coursier\\Cache\\v1\\https\\repo1.maven.org\\maven2\\com\\vladsch\\flexmark\\flexmark-util-builder\\0.62.2\\flexmark-util-builder-0.62.2.jar",
                "C:\\Users\\Thinh\\AppData\\Local\\Coursier\\Cache\\v1\\https\\repo1.maven.org\\maven2\\com\\vladsch\\flexmark\\flexmark-util-collection\\0.62.2\\flexmark-util-collection-0.62.2.jar",
                "C:\\Users\\Thinh\\AppData\\Local\\Coursier\\Cache\\v1\\https\\repo1.maven.org\\maven2\\com\\vladsch\\flexmark\\flexmark-util-dependency\\0.62.2\\flexmark-util-dependency-0.62.2.jar",
                "C:\\Users\\Thinh\\AppData\\Local\\Coursier\\Cache\\v1\\https\\repo1.maven.org\\maven2\\com\\vladsch\\flexmark\\flexmark-util-format\\0.62.2\\flexmark-util-format-0.62.2.jar",
                "C:\\Users\\Thinh\\AppData\\Local\\Coursier\\Cache\\v1\\https\\repo1.maven.org\\maven2\\com\\vladsch\\flexmark\\flexmark-util-misc\\0.62.2\\flexmark-util-misc-0.62.2.jar",
                "C:\\Users\\Thinh\\AppData\\Local\\Coursier\\Cache\\v1\\https\\repo1.maven.org\\maven2\\com\\vladsch\\flexmark\\flexmark-util-sequence\\0.62.2\\flexmark-util-sequence-0.62.2.jar",
                "C:\\Users\\Thinh\\AppData\\Local\\Coursier\\Cache\\v1\\https\\repo1.maven.org\\maven2\\com\\vladsch\\flexmark\\flexmark-util-visitor\\0.62.2\\flexmark-util-visitor-0.62.2.jar",
                "C:\\Users\\Thinh\\AppData\\Local\\Coursier\\Cache\\v1\\https\\repo1.maven.org\\maven2\\org\\jetbrains\\annotations\\15.0\\annotations-15.0.jar",
                "C:\\Users\\Thinh\\AppData\\Local\\Coursier\\Cache\\v1\\https\\repo1.maven.org\\maven2\\com\\vladsch\\flexmark\\flexmark-util\\0.62.2\\flexmark-util-0.62.2.jar",
                "C:\\Users\\Thinh\\AppData\\Local\\Coursier\\Cache\\v1\\https\\repo1.maven.org\\maven2\\org\\nibor\\autolink\\autolink\\0.6.0\\autolink-0.6.0.jar",
                "C:\\Users\\Thinh\\AppData\\Local\\Coursier\\Cache\\v1\\https\\repo1.maven.org\\maven2\\com\\vladsch\\flexmark\\flexmark-jira-converter\\0.62.2\\flexmark-jira-converter-0.62.2.jar",
                "C:\\Users\\Thinh\\AppData\\Local\\Coursier\\Cache\\v1\\https\\repo1.maven.org\\maven2\\org\\antlr\\antlr4-runtime\\4.7.2\\antlr4-runtime-4.7.2.jar",
                "C:\\Users\\Thinh\\AppData\\Local\\Coursier\\Cache\\v1\\https\\repo1.maven.org\\maven2\\com\\fasterxml\\jackson\\core\\jackson-annotations\\2.15.1\\jackson-annotations-2.15.1.jar",
                "C:\\Users\\Thinh\\AppData\\Local\\Coursier\\Cache\\v1\\https\\repo1.maven.org\\maven2\\com\\fasterxml\\jackson\\core\\jackson-core\\2.15.1\\jackson-core-2.15.1.jar",
                "C:\\Users\\Thinh\\AppData\\Local\\Coursier\\Cache\\v1\\https\\repo1.maven.org\\maven2\\com\\fasterxml\\jackson\\core\\jackson-databind\\2.15.1\\jackson-databind-2.15.1.jar",
                "C:\\Users\\Thinh\\AppData\\Local\\Coursier\\Cache\\v1\\https\\repo1.maven.org\\maven2\\com\\fasterxml\\jackson\\datatype\\jackson-datatype-jsr310\\2.12.1\\jackson-datatype-jsr310-2.12.1.jar",
                "C:\\Users\\Thinh\\AppData\\Local\\Coursier\\Cache\\v1\\https\\repo1.maven.org\\maven2\\ua\\co\\k\\strftime4j\\1.0.5\\strftime4j-1.0.5.jar",
                "C:\\Users\\Thinh\\AppData\\Local\\Coursier\\Cache\\v1\\https\\repo1.maven.org\\maven2\\org\\yaml\\snakeyaml\\2.0\\snakeyaml-2.0.jar",
                "C:\\Users\\Thinh\\AppData\\Local\\Coursier\\Cache\\v1\\https\\repo1.maven.org\\maven2\\com\\vladsch\\flexmark\\flexmark-util-options\\0.62.2\\flexmark-util-options-0.62.2.jar",
                "C:\\Users\\Thinh\\AppData\\Local\\Coursier\\Cache\\v1\\https\\repo1.maven.org\\maven2\\com\\vladsch\\flexmark\\flexmark-ext-ins\\0.62.2\\flexmark-ext-ins-0.62.2.jar",
                "C:\\Users\\Thinh\\AppData\\Local\\Coursier\\Cache\\v1\\https\\repo1.maven.org\\maven2\\com\\vladsch\\flexmark\\flexmark-ext-superscript\\0.62.2\\flexmark-ext-superscript-0.62.2.jar"
            ],
            "setup": {
                "order": "mixed",
                "addLibraryToBootClasspath": false,
                "addCompilerToClasspath": false,
                "addExtraJarsToClasspath": false,
                "manageBootClasspath": false,
                "filterLibraryFromClasspath": false
            }
        },
        "java": {
            "options": [
                
            ]
        },
        "test": {
            "frameworks": [
                {
                    "names": [
                        "org.scalacheck.ScalaCheckFramework"
                    ]
                },
                {
                    "names": [
                        "org.specs2.runner.Specs2Framework",
                        "org.specs2.runner.SpecsFramework"
                    ]
                },
                {
                    "names": [
                        "org.specs.runner.SpecsFramework"
                    ]
                },
                {
                    "names": [
                        "org.scalatest.tools.Framework",
                        "org.scalatest.tools.ScalaTestFramework"
                    ]
                },
                {
                    "names": [
                        "com.novocode.junit.JUnitFramework"
                    ]
                },
                {
                    "names": [
                        "munit.Framework"
                    ]
                },
                {
                    "names": [
                        "zio.test.sbt.ZTestFramework"
                    ]
                },
                {
                    "names": [
                        "weaver.framework.CatsEffect"
                    ]
                },
                {
                    "names": [
                        "hedgehog.sbt.Framework"
                    ]
                }
            ],
            "options": {
                "excludes": [
                    
                ],
                "arguments": [
                    
                ]
            }
        },
        "platform": {
            "name": "jvm",
            "config": {
                "home": "C:\\Users\\Thinh\\AppData\\Local\\Coursier\\cache\\arc\\https\\github.com\\adoptium\\temurin17-binaries\\releases\\download\\jdk-17%252B35\\OpenJDK17-jdk_x64_windows_hotspot_17_35.zip\\jdk-17+35",
                "options": [
                    "-Duser.dir=D:\\Learn_Scala\\lesson5_car_program"
                ]
            },
            "mainClass": [
                
            ],
            "runtimeConfig": {
                "home": "C:\\Users\\Thinh\\AppData\\Local\\Coursier\\cache\\arc\\https\\github.com\\adoptium\\temurin17-binaries\\releases\\download\\jdk-17%252B35\\OpenJDK17-jdk_x64_windows_hotspot_17_35.zip\\jdk-17+35",
                "options": [
                    "-Duser.dir=D:\\Learn_Scala\\lesson5_car_program"
                ]
            },
            "classpath": [
                "D:\\Learn_Scala\\lesson5_car_program\\.bloop\\root\\scala-3\\classes",
                "C:\\Users\\Thinh\\AppData\\Local\\Coursier\\Cache\\v1\\https\\repo1.maven.org\\maven2\\org\\scala-lang\\scala3-library_3\\3.4.2\\scala3-library_3-3.4.2.jar",
                "C:\\Users\\Thinh\\AppData\\Local\\Coursier\\Cache\\v1\\https\\repo1.maven.org\\maven2\\org\\scala-lang\\scala-library\\2.13.12\\scala-library-2.13.12.jar"
            ]
        },
        "resolution": {
            "modules": [
                {
                    "organization": "org.scala-lang",
                    "name": "scala3-library_3",
                    "version": "3.4.2",
                    "configurations": "default",
                    "artifacts": [
                        {
                            "name": "scala3-library_3",
                            "path": "C:\\Users\\Thinh\\AppData\\Local\\Coursier\\Cache\\v1\\https\\repo1.maven.org\\maven2\\org\\scala-lang\\scala3-library_3\\3.4.2\\scala3-library_3-3.4.2.jar"
                        },
                        {
                            "name": "scala3-library_3",
                            "classifier": "sources",
                            "path": "C:\\Users\\Thinh\\AppData\\Local\\Coursier\\Cache\\v1\\https\\repo1.maven.org\\maven2\\org\\scala-lang\\scala3-library_3\\3.4.2\\scala3-library_3-3.4.2-sources.jar"
                        }
                    ]
                },
                {
                    "organization": "org.scala-lang",
                    "name": "scala-library",
                    "version": "2.13.12",
                    "configurations": "default",
                    "artifacts": [
                        {
                            "name": "scala-library",
                            "path": "C:\\Users\\Thinh\\AppData\\Local\\Coursier\\Cache\\v1\\https\\repo1.maven.org\\maven2\\org\\scala-lang\\scala-library\\2.13.12\\scala-library-2.13.12.jar"
                        },
                        {
                            "name": "scala-library",
                            "classifier": "sources",
                            "path": "C:\\Users\\Thinh\\AppData\\Local\\Coursier\\Cache\\v1\\https\\repo1.maven.org\\maven2\\org\\scala-lang\\scala-library\\2.13.12\\scala-library-2.13.12-sources.jar"
                        }
                    ]
                }
            ]
        },
        "tags": [
            "library"
        ]
    }
}